{
  "project_info": {
    "project_number": "559372724520",
    "project_id": "kbook-217fb",
    "storage_bucket": "kbook-217fb.appspot.com"
  },
  "client": [
    {
      "client_info": {
        "mobilesdk_app_id": "1:559372724520:android:028cbd7bbabeadc36ab574",
        "android_client_info": {
          "package_name": "com.deblop.kbook-217fb"
        }
      },
      "oauth_client": [
        {
          "client_id": "559372724520-2op4tb7uf4ohtfg4j1canpfl73f1782l.apps.googleusercontent.com",
          "client_type": 3
        }
      ],
      "api_key": [
        {
          "current_key": "AIzaSyCS8rW4tCCPNQ_dFJe3Gy5ktsWwEn9wbx0"
        }
      ],
      "services": {
        "appinvite_service": {
          "other_platform_oauth_client": [
            {
              "client_id": "559372724520-2op4tb7uf4ohtfg4j1canpfl73f1782l.apps.googleusercontent.com",
              "client_type": 3
            }
          ]
        }
      }
    }
  ],
  "configuration_version": "1"
}